Date,Headline,Cleaned_Headline
2025-09-02 21:25:54,"Coinbase's New Futures Index Tracks Bitcoin, Ethereum-Plus 'Mag 7' Stocks Like Nvidia","Coinbase's New Futures Index Tracks Bitcoin, Ethereum-Plus 'Mag 7' Stocks Like Nvidia"
2025-09-02 17:30:00,ADBE's AI-Focus Aids Subscription Revenues: Is the Growth Sustainable?,ADBE's AI-Focus Aids Subscription Revenues: Is the Growth Sustainable?
2025-09-02 17:09:00,"Should You Buy, Sell or Hold UiPath Stock Ahead of Q2 Earnings?","Should You Buy, Sell or Hold UiPath Stock Ahead of Q2 Earnings?"
2025-09-02 16:49:00,"Dropbox, Crexendo Remain Our Top Picks in Internet Services","Dropbox, Crexendo Remain Our Top Picks in Internet Services"
2025-09-02 16:45:02,Here is Why Growth Investors Should Buy Microsoft  ( MSFT )  Now,Here is Why Growth Investors Should Buy Microsoft ( MSFT ) Now
2025-09-02 16:04:00,ZM vs. MSFT: Which Video Collaboration Stock Has More Upside?,ZM vs. MSFT: Which Video Collaboration Stock Has More Upside?
2025-09-02 15:29:00,Broadcom  ( AVGO )  Thrives in Custom AI Explosion,Broadcom ( AVGO ) Thrives in Custom AI Explosion
2025-09-02 15:23:00,Amazon Eyes Cloud Expansion: Will the NZ AWS Region Drive Growth?,Amazon Eyes Cloud Expansion: Will the NZ AWS Region Drive Growth?
2025-09-02 15:18:00,MRVL's AI and Optics Ambitions are Growing: What Lies Ahead?,MRVL's AI and Optics Ambitions are Growing: What Lies Ahead?
2025-09-02 15:07:31,Paramount and Activision partner on Call of Duty live-action film,Paramount and Activision partner on Call of Duty live-action film
2025-09-02 15:00:28,Competitor Analysis: Evaluating Microsoft And Competitors In Software Industry - Microsoft  ( NASDAQ:MSFT ) ,Competitor Analysis: Evaluating Microsoft And Competitors In Software Industry - Microsoft ( NASDAQ:MSFT )
2025-09-02 14:39:28,Jabra and Lenovo collaborate on the next generation PanaCast 50 Room System to deliver more power and flexibility in hybrid meetings,Jabra and Lenovo collaborate on the next generation PanaCast 50 Room System to deliver more power and flexibility in hybrid meetings
2025-09-02 14:18:11,"What Is Going On With Semiconductor Stocks On Tuesday - Apple  ( NASDAQ:AAPL ) , Advanced Micro Devices  ( NASDAQ:AMD ) ","What Is Going On With Semiconductor Stocks On Tuesday - Apple ( NASDAQ:AAPL ) , Advanced Micro Devices ( NASDAQ:AMD )"
2025-09-02 14:14:00,"C3.ai Before Q1 Earnings Release: Buy, Sell or Hold the Stock?","C3.ai Before Q1 Earnings Release: Buy, Sell or Hold the Stock?"
2025-09-02 13:40:55,"Microsoft Secures US Government Cloud Service Deal, Promises $6 Billion In Savings Over 3 Years: Report - Adobe  ( NASDAQ:ADBE ) , Amazon.com  ( NASDAQ:AMZN ) ","Microsoft Secures US Government Cloud Service Deal, Promises $6 Billion In Savings Over 3 Years: Report - Adobe ( NASDAQ:ADBE ) , Amazon.com ( NASDAQ:AMZN )"
2025-09-02 11:50:59,SAP to invest over 20 billion euros in 'sovereign cloud' in boost to Europe's AI ambitions,SAP to invest over 20 billion euros in 'sovereign cloud' in boost to Europe's AI ambitions
2025-09-02 11:45:00,3 Top AI Stocks to Buy and Hold Forever,3 Top AI Stocks to Buy and Hold Forever
2025-09-02 11:30:00,Caliber Appoints Michael Trzupek to Lead Governance on Crypto Advisory Board,Caliber Appoints Michael Trzupek to Lead Governance on Crypto Advisory Board
2025-09-02 11:00:00,"Sophos Endpoint Now Integrated with Taegis MDR and XDR, Strengthening Cybersecurity ROI","Sophos Endpoint Now Integrated with Taegis MDR and XDR, Strengthening Cybersecurity ROI"
2025-09-02 10:20:02,Is John Hancock Multifactor Large Cap ETF  ( JHML )  a Strong ETF Right Now?,Is John Hancock Multifactor Large Cap ETF ( JHML ) a Strong ETF Right Now?
2025-09-02 10:20:01,Should SPDR Portfolio S&P 500 ETF  ( SPLG )  Be on Your Investing Radar?,Should SPDR Portfolio S&P 500 ETF ( SPLG ) Be on Your Investing Radar?
2025-09-02 10:20:01,Should iShares S&P 100 ETF  ( OEF )  Be on Your Investing Radar?,Should iShares S&P 100 ETF ( OEF ) Be on Your Investing Radar?
2025-09-02 08:57:00,31.3% of Warren Buffett's $303 Billion Portfolio Is Invested in 3 Artificial Intelligence  ( AI )  Stocks,31.3% of Warren Buffett's $303 Billion Portfolio Is Invested in 3 Artificial Intelligence ( AI ) Stocks
2025-09-02 08:29:00,Meet Quantum Computing's Potential Monster Stocks of the Next Decade,Meet Quantum Computing's Potential Monster Stocks of the Next Decade
2025-09-02 06:13:05,Lyft's CEO says these 3 companies are getting business right,Lyft's CEO says these 3 companies are getting business right
2025-09-02 06:01:01,"Mark Cuban Asks If AI Kills Jobs, Why No Office Occupancy Decline? Trump AI Czar Says Fears 'Overhyped' - Alphabet  ( NASDAQ:GOOG ) , Alphabet  ( NASDAQ:GOOGL ) ","Mark Cuban Asks If AI Kills Jobs, Why No Office Occupancy Decline? Trump AI Czar Says Fears 'Overhyped' - Alphabet ( NASDAQ:GOOG ) , Alphabet ( NASDAQ:GOOGL )"
2025-09-02 05:05:00,"Can $10,000 in Oracle Stock Turn Into $50,000 by 2030?","Can $10,000 in Oracle Stock Turn Into $50,000 by 2030?"
2025-09-02 04:11:36,"Ross Gerber Says Alphabet Stock Is 'Inexpensive': Analyst Cites 4 Factors Why Google-Parent Is Undervalued Compared To Mega Cap Peers - Apple  ( NASDAQ:AAPL ) , Amazon.com  ( NASDAQ:AMZN ) ","Ross Gerber Says Alphabet Stock Is 'Inexpensive': Analyst Cites 4 Factors Why Google-Parent Is Undervalued Compared To Mega Cap Peers - Apple ( NASDAQ:AAPL ) , Amazon.com ( NASDAQ:AMZN )"
2025-09-01 17:50:00,GTLB Stock Set to Report Q2 Earnings: A Smart Buy or Risky Investment?,GTLB Stock Set to Report Q2 Earnings: A Smart Buy or Risky Investment?
2025-09-01 17:46:17,NextEra Energy Eyes A Nuclear Revival - NextEra Energy  ( NYSE:NEE ) ,NextEra Energy Eyes A Nuclear Revival - NextEra Energy ( NYSE:NEE )
2025-09-01 16:39:00,Can META's Focus on AI-Optimized Data Centers Push the Stock Higher?,Can META's Focus on AI-Optimized Data Centers Push the Stock Higher?
2025-09-01 16:25:00,GOOGL Services Benefits From New AI-Powered Features: What's Ahead?,GOOGL Services Benefits From New AI-Powered Features: What's Ahead?
2025-09-01 15:30:00,MSFT Challenges GPT-5 With New AI Models: What's Next for Investors?,MSFT Challenges GPT-5 With New AI Models: What's Next for Investors?
2025-09-01 15:00:22,Insights Into Microsoft's Performance Versus Peers In Software Sector - Microsoft  ( NASDAQ:MSFT ) ,Insights Into Microsoft's Performance Versus Peers In Software Sector - Microsoft ( NASDAQ:MSFT )
2025-09-01 14:00:00,Criminal IP Expands into European Cybersecurity Market through Partnership with DotForce,Criminal IP Expands into European Cybersecurity Market through Partnership with DotForce
2025-09-01 13:15:00,Is D-Wave Quantum Stock a Buy Now?,Is D-Wave Quantum Stock a Buy Now?
2025-09-01 12:45:00,Best Stock to Buy Right Now: SiriusXM vs. Apple,Best Stock to Buy Right Now: SiriusXM vs. Apple
2025-09-01 12:29:14,"An Iowa nuclear plant is the next contender to restart, spurred by AI data center demand","An Iowa nuclear plant is the next contender to restart, spurred by AI data center demand"
2025-09-01 10:20:03,Should Vanguard Mega Cap Growth ETF  ( MGK )  Be on Your Investing Radar?,Should Vanguard Mega Cap Growth ETF ( MGK ) Be on Your Investing Radar?
2025-09-01 10:20:02,Is WisdomTree U.S. Total Dividend ETF  ( DTD )  a Strong ETF Right Now?,Is WisdomTree U.S. Total Dividend ETF ( DTD ) a Strong ETF Right Now?
2025-09-01 10:20:02,Is Goldman Sachs ActiveBeta World Low Vol Plus Equity ETF  ( GLOV )  a Strong ETF Right Now?,Is Goldman Sachs ActiveBeta World Low Vol Plus Equity ETF ( GLOV ) a Strong ETF Right Now?
2025-09-01 08:44:00,"3 Stocks That Could Join the $3 Trillion Club Alongside Apple, Microsoft, and Nvidia","3 Stocks That Could Join the $3 Trillion Club Alongside Apple, Microsoft, and Nvidia"
2025-09-01 07:51:00,Nvidia Just Sounded the Silent Alarm -- but Are Investors Paying Attention?,Nvidia Just Sounded the Silent Alarm -- but Are Investors Paying Attention?
2025-09-01 07:46:00,"US Revokes Chip Production Permissions For Samsung, SK Hynix, Intel In China-Beijing 'Opposes' The Move: Report - Broadcom  ( NASDAQ:AVGO ) , Intel  ( NASDAQ:INTC ) ","US Revokes Chip Production Permissions For Samsung, SK Hynix, Intel In China-Beijing 'Opposes' The Move: Report - Broadcom ( NASDAQ:AVGO ) , Intel ( NASDAQ:INTC )"
2025-09-01 07:42:18,"Alibaba shares jump 19% on cloud unit acceleration, report of new AI chip","Alibaba shares jump 19% on cloud unit acceleration, report of new AI chip"
2025-09-01 03:15:51,Accenture CEO Julie Sweet Believes This Is The One Thing You Shouldn't Do When Offered A Major Promotion,Accenture CEO Julie Sweet Believes This Is The One Thing You Shouldn't Do When Offered A Major Promotion
2025-09-01 01:05:00,Meet the Monster Stock That's Crushing Nvidia on the Market,Meet the Monster Stock That's Crushing Nvidia on the Market
2025-09-01 01:01:18,"Blizzard Co-Founder Mike Morhaime Slashes Wildgate Price After Selling Only 130K Copies - Microsoft  ( NASDAQ:MSFT ) , NetEase  ( NASDAQ:NTES ) ","Blizzard Co-Founder Mike Morhaime Slashes Wildgate Price After Selling Only 130K Copies - Microsoft ( NASDAQ:MSFT ) , NetEase ( NASDAQ:NTES )"
